"","river","timestep","FCO2_raymo","FCO2_raymo_low","FCO2_raymo_high","FCO2_ulset","FCO2_ulset_low","FCO2_ulset_high","FCO2_BIKER","FCO2_BIKER_low","FCO2_BIKER_high"
"2","Cumberland",1,0.673056762961426,0.74914263510964,0.611001206632903,1.00155564152646,0.879612792046837,2.05954483288152,1.55297369598277,2.3098329662969,1.11294015853566
"3","Cumberland",2,0.510375711000604,0.565110950907876,0.465307545376989,0.569713561096375,0.475823402717218,0.974267027388035,0.739110441764504,1.15570908041144,0.513670666811513
"4","Cumberland",3,0.929014566492081,1.03239368355421,0.844455441013016,1.20810524069512,1.03832648055015,2.29523618934619,1.60427345902425,2.52803680832426,1.05831956286022
"5","Cumberland",4,0.860217223398247,0.958270643607878,0.780367518282265,1.4604466218972,1.30831144949758,3.22967838816869,1.9916304228317,3.24894753757992,1.34796494777202
"6","Cumberland",5,0.679434542615837,0.753245108474139,0.618798591620515,0.786851096444355,0.662224931189027,1.38382261571091,1.01762829938967,1.61806057734858,0.689628372311106
"7","Cumberland",6,0.778027814082818,0.86524719680095,0.706782574558821,1.06915211995004,0.927343639153467,2.10071163187971,1.37362547159328,2.16505779544119,0.917729029939252
"8","Cumberland",7,0.678693077646707,0.755810292006766,0.61585589401205,1.08953883273516,0.968041601426497,2.33811903567461,1.45874856507084,2.31938275721724,1.00293281365826
"9","Cumberland",8,0.362754471496316,0.403095242058471,0.329753690449376,0.468354015634131,0.402038375358019,0.885663574676744,0.617791184426002,0.972181151543666,0.415874746766635
"10","Cumberland",9,0.613303343374512,0.68379154345806,0.555989547636385,1.41599488961535,1.32627294187042,3.68945126235895,1.82523878293672,2.90128552798919,1.23196585037359
"11","Cumberland",10,0.709949812667017,0.791794384488325,0.643440030080217,2.37653831988512,2.34511795430227,7.50057204378014,2.9831351390911,4.8039149426997,1.95382173973038
"12","Cumberland",11,0.993008189786557,1.10755041363472,0.899937205867429,4.49600171288633,4.64159833374165,16.8122903353022,5.68095743293602,9.28347135685981,3.76569686452302
"13","Cumberland",12,0.741436910406347,0.82696938324536,0.671939044185791,3.40740141483154,3.51863728327281,12.7273090354608,4.29805932616659,6.74968938810537,2.86811630672139
"14","Cumberland",13,0.706902886020744,0.788478776221066,0.640624025121136,5.08307108718569,5.56851647281407,23.5048959543623,5.23733261476111,8.20807613034116,3.49081571256717
"15","Cumberland",14,0.801316231121592,0.893634337479261,0.726286258117043,2.48131506002307,2.42654458460549,7.59301051922238,3.10198122000509,4.98133425341986,2.14020086829091
"16","Cumberland",15,0.885585307014454,0.987738852566153,0.802581078716731,4.06911428251195,4.20964907257893,15.3335021412133,5.05743439341806,8.17671550902612,3.37965254507912
"17","Ganges",1,0.649038665516648,0.720981806108834,0.590174763704004,0.933384236336061,0.815220497839821,1.8887410882304,0.765385196416821,0.919671100091529,0.642928770138788
"18","Ganges",2,0.530889714148616,0.589754182051912,0.482731757445531,0.772476580755395,0.675906326791201,1.57397110425329,0.548332440852859,0.659951924809377,0.45419059028742
"19","Ganges",3,0.914749224750506,1.01615222751187,0.831788311345445,1.33294413227058,1.16651317471379,2.71799007631329,0.944137634590611,1.15079956284041,0.787469244760335
"20","Ganges",4,0.822178319120774,0.913505010379125,0.74748380021699,1.23012815320178,1.08182533965505,2.55574483117958,0.872133589639888,1.05166163479643,0.725685366702938
"21","Ganges",5,0.697104981722067,0.774580015188264,0.633743836316511,1.05129074311654,0.926027679633266,2.19793697287491,0.73834716306781,0.889787912360379,0.621094597510379
"22","Ganges",6,0.760030041887332,0.844380654688362,0.691032368170748,1.12215543856778,0.984410328577931,2.30907258298655,0.794620256213943,0.957521823883453,0.661778557771679
"23","Ganges",7,0.650281075700666,0.722488248203408,0.591223704159746,0.971220707422041,0.853569828875198,2.01245262792601,0.685090843724775,0.816982595953259,0.567613672913555
"24","Ganges",8,0.360820245912156,0.400968322287893,0.327991357923953,0.569601561640089,0.506825892878563,1.24199216986042,0.393335848837004,0.472760121477692,0.323316665092733
"25","Ganges",9,0.587326746804401,0.652959032307986,0.533693831947532,0.913354160139949,0.809357244799407,1.95270514406967,0.633238577188996,0.766632030910866,0.525880687797854
"26","Ganges",10,0.675777700534993,0.751240719832703,0.614105720025334,1.05745825790944,0.937997065538251,2.27001161187473,0.736517192589108,0.898156751888628,0.606623244322124
"27","Ganges",11,0.945997291969419,1.05173118202988,0.859599332750348,1.49813475390511,1.33187305455988,3.24414905040635,1.04363363138813,1.27530949193032,0.86975993051137
"28","Ganges",12,0.711577549644376,0.791420574936465,0.646375252061501,1.26008723662991,1.1518037468281,3.07774947275231,0.835868153034207,1.02091474883531,0.689709716821358
"29","Ganges",13,0.676346283075917,0.752105711904181,0.614459780762069,1.05678703099317,0.937702262730344,2.27114560929055,0.733985425347339,0.888004834545397,0.608718997738917
"30","Ganges",14,0.767607893776195,0.853533339210299,0.697409250896412,1.19029415177312,1.05465284317174,2.54380991032613,0.830512801966509,0.992833932458628,0.694962794884034
"31","Ganges",15,0.847638484748585,0.942566130154033,0.770090562726057,1.31436445004722,1.16489385434063,2.81263941136918,0.918815900421539,1.10919873113256,0.771452408053511
"32","Ganges",16,0.683104052324489,0.759269544710916,0.620834262612803,1.00048096860674,0.878091779550746,2.0633690443434,0.723126054655671,0.862724939006856,0.60850795555984
"33","Ganges",17,0.85302415424211,0.948569665761557,0.774968842526041,1.23902330337734,1.08554763728584,2.53409115140072,0.923087653965078,1.11350749033361,0.768865869589543
"34","Ganges",18,0.657883288960718,0.730525924704098,0.598384832493449,0.843144237839658,0.722875694311174,1.58975635801159,0.664516975076381,0.804219075088293,0.558145209853889
"35","Ganges",19,0.727649867393137,0.807641585211444,0.662078198371195,0.89791399812308,0.764663547667874,1.65039007514397,0.735078260259993,0.878705112879316,0.617371824625423
"36","Ganges",20,0.825645356780892,0.914076465574669,0.752828285852168,0.957488234238307,0.805093700847371,1.68272106676474,0.841166782442362,1.01622648599865,0.71060836056395
"37","Ganges",21,1.21482041640197,1.34776388471864,1.10575360943428,1.47175600776596,1.24918400568912,2.6727926073189,1.23298899210394,1.48407752672668,1.03597540144996
"38","Ganges",22,0.92396349915117,1.02262504902986,0.84268005672099,1.06606976847639,0.895318554394522,1.86568425333847,0.919366026287884,1.10956777669025,0.762865429524145
"39","Ganges",23,1.18194915523681,1.30820327794502,1.07793999755482,1.36704043713916,1.1486458253423,2.39697430937617,1.18303729811396,1.42905713635952,0.981759414058592
"40","Ganges",24,1.03792025951114,1.15051273496362,0.945410059722429,1.23355628825556,1.04285421568267,2.20929645881861,1.02161846433893,1.22667309412353,0.859517951114181
"41","Ganges",25,0.72608568502224,0.803776003664292,0.662103187078101,0.84215939473751,0.708029745098457,1.47950643822221,0.709259987895095,0.852644170788445,0.596176354585187
"42","Ganges",26,1.29173571973868,1.43247448918764,1.17618800315009,1.55451787565827,1.31742882312105,2.80866146537785,1.27448696304368,1.5443302573558,1.06638449117434
"43","Ganges",27,1.62160259914518,1.79950677517911,1.47572775199222,2.02125215333463,1.7237959414344,3.73750466465329,1.57181550821272,1.887901167597,1.3223378338468
"44","Ganges",28,1.30928942767629,1.45298289526801,1.19148737039562,1.66873531973798,1.42823071208799,3.12846454955733,1.26559310129735,1.53268582609669,1.06268316810019
"45","Ganges",29,1.09280442556982,1.21348418887539,0.993985655355875,1.46753501829255,1.26728798816513,2.84449738170847,1.08209807544092,1.30150526213301,0.902367089284219
"46","Ganges",30,NA,NA,NA,NA,NA,NA,NA,NA,NA
"47","Ganges",31,NA,NA,NA,NA,NA,NA,NA,NA,NA
"48","Ganges",32,NA,NA,NA,NA,NA,NA,NA,NA,NA
"49","Ganges",33,NA,NA,NA,NA,NA,NA,NA,NA,NA
"50","Ganges",34,NA,NA,NA,NA,NA,NA,NA,NA,NA
"51","GaronneDownstream",1,0.510212651736383,0.559473868918106,0.468993106111587,0.537343080358782,0.434543765428346,0.819536886143113,0.606729113425241,0.773777503930386,0.483568037910448
"52","GaronneDownstream",2,0.423393271342932,0.464483561522701,0.389032165297522,0.44399987520312,0.359387062189616,0.679172243099917,0.450501921805289,0.589921789109151,0.348460289998167
"53","GaronneDownstream",3,0.704094877632286,0.771377139513862,0.6477184458296,0.785667650635482,0.64230631700411,1.25865725960677,0.855698436388182,1.1202012451364,0.669891806326193
"54","GaronneDownstream",4,0.64569370357858,0.707876869413703,0.593623555936475,0.668954701574374,0.539374881759836,1.0080557800334,0.70342929977069,0.911283554478569,0.553225878159253
"55","GaronneDownstream",5,0.541352673942424,0.593251327417475,0.497865693059185,0.560609045882346,0.451400824939942,0.840603807544856,0.597279174754197,0.77612295597975,0.472215761627271
"56","GaronneDownstream",6,0.594661666084359,0.651742927555135,0.546838689012292,0.615169185443644,0.495493250278296,0.923446984368838,0.647956676817524,0.838933739908057,0.510016433864755
"57","GaronneDownstream",7,0.510602513411428,0.559724842820728,0.469463042223203,0.529489243564253,0.426884255442847,0.797707970084519,0.551996336341297,0.719549774836001,0.428365376720219
"58","GaronneDownstream",8,0.287574024629267,0.315612736232453,0.264146005773887,0.303801478379513,0.246495516516564,0.468999102772437,0.303750218742273,0.393626082871488,0.233730105995516
"59","GaronneDownstream",9,0.45744198059852,0.501631691028387,0.420458008491912,0.475805337111823,0.384209752601719,0.721099919940705,0.492208167133674,0.653423694470385,0.382717097325568
"60","GaronneDownstream",10,0.519280690075573,0.569213625118529,0.477471674689482,0.548186571882071,0.443153548066348,0.835512145135105,0.592843786850317,0.780722121728475,0.464006387923145
"61","GaronneDownstream",11,0.749791264917642,0.823084431004926,0.688577450428561,0.794939432146712,0.645723568194173,1.23254734468213,0.7897650368674,1.03285273868876,0.609742764916225
"62","GaronneDownstream",12,0.559407291864997,0.614048675192659,0.513765741744061,0.592953493764167,0.481592149054607,0.918957916947737,0.586499842686595,0.760006209165344,0.462449555444718
"63","GaronneDownstream",13,0.509191029425434,0.557861315873743,0.468410683714629,0.56774541892101,0.464134562237128,0.909348071925966,0.616896765033071,0.808666844857005,0.480099022373454
"64","GaronneDownstream",14,0.599569811527542,0.657744227961994,0.550918906548435,0.627678581474992,0.507914370627524,0.95900256175139,0.638190391730509,0.839477031282857,0.494714544921984
"65","GaronneDownstream",15,0.659724440546537,0.723651479376517,0.606253729719134,0.691784906481716,0.559782942526807,1.05708031777534,0.69856622634627,0.919098630207538,0.546996706057383
"66","GaronneDownstream",16,0.537264763584714,0.589382391273,0.493675307608876,0.561357440739625,0.45414805361409,0.856876259849875,0.574602955463053,0.750444920501486,0.445523799931256
"67","GaronneDownstream",17,0.668248809236125,0.733325345030826,0.613862846250865,0.705107580466913,0.571813198193148,1.08645013017425,0.706382793711187,0.920793503479788,0.551046400007613
"68","GaronneDownstream",18,0.541410399088172,0.595251085593514,0.496581444506992,0.594908290379378,0.48790491983817,0.957156775746653,0.559855320362471,0.730638557273181,0.438790826030135
"69","GaronneDownstream",19,0.622095917517055,0.685369222326392,0.56961507412549,0.722942338944803,0.601475877403573,1.22897426282836,0.634617053513766,0.820854444851077,0.491806455373149
"70","GaronneDownstream",20,0.74180206905749,0.817533955810543,0.6790209775847,0.869231540869829,0.725129589654915,1.49290624537481,0.757257336254109,0.985750289828531,0.601222734532532
"71","GaronneDownstream",21,1.08675746153472,1.19888545253114,0.993928251204009,1.28480570065372,1.07719734567484,2.24751050740224,1.11031565923582,1.45940755169124,0.865752796676516
"72","GaronneDownstream",22,0.866783915218807,0.956987275754673,0.792226014772276,1.0733902529356,0.908678388796252,1.94993264614705,0.876486503449436,1.15402805393298,0.675945111224681
"73","GaronneDownstream",23,1.11625979778627,1.23247531012092,1.02018538749659,1.35815500914772,1.1468614155024,2.44198129026041,1.13534854049653,1.496159216,0.878091456115387
"74","GaronneDownstream",24,0.933055585931065,1.02904506183327,0.853560983245967,1.10506911782573,0.925933784793984,1.92943258548005,0.955264238906897,1.25011649766131,0.741207434710488
"75","GaronneDownstream",25,0.693284000170789,0.765890586925328,0.633308034625717,0.832120809841791,0.701603353900942,1.48531894085419,0.716807902103278,0.94399388433239,0.544237381643712
"76","GaronneDownstream",26,1.13390553562275,1.24972470189329,1.03789413471973,1.32469499525707,1.10481637207173,2.27235912726473,1.15340526776649,1.51271950121039,0.888712411381745
"77","GaronneDownstream",27,1.33866545370493,1.47104049195408,1.22833512449752,1.45279365085618,1.18764957482505,2.30865958175452,1.40457362436972,1.83391935845328,1.07690041019699
"78","GaronneDownstream",28,1.09989403369763,1.20998583769705,1.00833378229895,1.22741661086381,1.0106229790115,2.00498386539577,1.13215227904575,1.48919280577373,0.880716624366355
"79","GaronneDownstream",29,0.878673641046095,0.964315832818231,0.807110926316551,0.927533266871398,0.752320678831821,1.43005778295484,0.933944447941456,1.22790682297656,0.727672869311855
"80","GaronneDownstream",30,NA,NA,NA,NA,NA,NA,NA,NA,NA
"81","GaronneDownstream",31,NA,NA,NA,NA,NA,NA,NA,NA,NA
"82","GaronneDownstream",32,NA,NA,NA,NA,NA,NA,NA,NA,NA
"83","GaronneDownstream",33,NA,NA,NA,NA,NA,NA,NA,NA,NA
"84","GaronneDownstream",34,NA,NA,NA,NA,NA,NA,NA,NA,NA
"85","GaronneUpstream",1,0.379478884091293,0.410350170011537,0.352969169898074,0.409358134096044,0.31831457962925,0.539835608652124,0.321526604334781,0.394254734474394,0.264407509426131
"86","GaronneUpstream",2,0.321172498438754,0.347755401007947,0.298400774318835,0.342951454724744,0.267566719206969,0.457911755572136,0.239380559427242,0.301178739713504,0.194536392277288
"87","GaronneUpstream",3,0.479221773767851,0.516076960829938,0.44732745297801,0.538993399523548,0.414945554913689,0.684835777453416,0.415055608549611,0.519539367574918,0.338611224104248
"88","GaronneUpstream",4,0.454479912784678,0.490462684891219,0.423464011145743,0.499467499139618,0.386460120480234,0.646613114113378,0.370789847203012,0.465758518837648,0.300185203240374
"89","GaronneUpstream",5,0.38969192957661,0.420749189856031,0.362946318725976,0.426321492643272,0.330254944908396,0.554364954357973,0.31422430477747,0.390869422431485,0.253802300115046
"90","GaronneUpstream",6,0.427532346076623,0.461649241049867,0.39815687391639,0.467213309245113,0.362012761104333,0.608032686187112,0.343674579584235,0.429068645997445,0.281006261262339
"91","GaronneUpstream",7,0.368720622572834,0.398266635398238,0.343295648011893,0.401850645898937,0.31160491932249,0.524462300340977,0.293511148287793,0.37264542786011,0.237082863425974
"92","GaronneUpstream",8,0.206454233087816,0.223128547814695,0.192121286274597,0.223780407443537,0.173776941788282,0.293639540330669,0.16193692929142,0.203151675238134,0.129996817328489
"93","GaronneUpstream",9,0.316609593018733,0.341535567787186,0.295107774114571,0.349506730237682,0.270162260121201,0.450826096890094,0.261697203986827,0.324151094493302,0.209168421544498
"94","GaronneUpstream",10,0.333627270977344,0.358754551115786,0.311820827205449,0.38220996727671,0.293230543090772,0.479444428320936,0.301067689593231,0.37451088727981,0.242574615348741
"95","GaronneUpstream",11,0.50374515178782,0.54315481157404,0.469719715814452,0.558730631568085,0.431415492499139,0.717769012980564,0.420854888180462,0.531582993131849,0.338041966623134
"96","GaronneUpstream",12,0.342339762682452,0.367914634926657,0.32012109874285,0.395207122144863,0.302817387721732,0.493430493307188,0.313980559578447,0.386213126736079,0.255220213705906
"97","GaronneUpstream",13,0.287354957105748,0.307621454385386,0.269617338501327,0.353047097817965,0.268073071611654,0.426296963858859,0.299608199490229,0.374459662673402,0.241154134283893
"98","GaronneUpstream",14,0.364582979164305,0.391604520048161,0.341082541508789,0.424057623274264,0.324503083185167,0.526911159520953,0.339146666228958,0.424700267856388,0.27282731657964
"99","GaronneUpstream",15,0.412435536288169,0.443377138269789,0.385569317404014,0.474246145301247,0.363612139695607,0.593516046000267,0.375201086403091,0.472687655213538,0.304108686673991
"100","GaronneUpstream",16,0.314146897687169,0.337021295615502,0.294207506819392,0.37213381115824,0.283984184280913,0.45770883917553,0.303529071075365,0.381616671153498,0.238543284721795
"101","GaronneUpstream",17,0.428273876080015,0.460912813917616,0.399993501969494,0.485445933286411,0.373163850115692,0.613390162856691,0.377196853383308,0.473320236585977,0.304536875286022
"102","GaronneUpstream",18,0.361072095676927,0.389539401774739,0.336520175185583,0.398115964910222,0.30780982943864,0.51397723468855,0.298058934796698,0.37050962823626,0.240223688552933
"103","GaronneUpstream",19,0.445357751466699,0.482368353557753,0.413671046270762,0.474335128661722,0.370349914889083,0.635095433167015,0.330212509417626,0.416679082133684,0.26534168448379
"104","GaronneUpstream",20,0.529095807288999,0.57319301809574,0.491357447482735,0.562647759968047,0.439550412499303,0.754921833945608,0.389237487320956,0.486648292068562,0.310908887177091
"105","GaronneUpstream",21,0.793342191630303,0.86133524101294,0.735386398747759,0.833010891464815,0.654550593362566,1.14214272635819,0.554232908454916,0.702022019788481,0.449001702597477
"106","GaronneUpstream",22,0.637539727888984,0.692647452973252,0.590624233405484,0.667078723237932,0.525138484760274,0.920954432165055,0.435722578526056,0.548138901115386,0.35121864846695
"107","GaronneUpstream",23,0.817337529044371,0.888093741953717,0.7571131923872,0.854727024581064,0.67306010248785,1.18131516840745,0.559118630807245,0.705305168213587,0.449438936720755
"108","GaronneUpstream",24,0.693622004430991,0.753342873826848,0.642749823198629,0.726523102388898,0.571407384482347,0.999536202857333,0.478967772120402,0.603441721544613,0.384701834423926
"109","GaronneUpstream",25,0.518568667359746,0.564288983348157,0.479756649476929,0.539305487445777,0.426468900524582,0.757161469121711,0.340543658046917,0.432984364800916,0.272744292645428
"110","GaronneUpstream",26,0.875135149299052,0.951292019607273,0.810361690288515,0.913029114529832,0.719778775674613,1.26713371657207,0.590790660476275,0.745133162167941,0.474569439773403
"111","GaronneUpstream",27,0.956229679459233,1.03403862802433,0.889417565434479,1.03186488868461,0.802388885977828,1.36089380367333,0.74209032568422,0.933476842263128,0.600580297838717
"112","GaronneUpstream",28,0.851502423943723,0.924332518683111,0.789405088889721,0.894634173444332,0.702655493023906,1.22455652134555,0.596283407217166,0.75033087259895,0.478456544680636
"113","GaronneUpstream",29,0.595902279100769,0.642641109459447,0.555563840770275,0.659873690276333,0.509724137434625,0.849029094204068,0.496047836757449,0.618879467320871,0.399270392524626
"114","GaronneUpstream",30,NA,NA,NA,NA,NA,NA,NA,NA,NA
"115","GaronneUpstream",31,NA,NA,NA,NA,NA,NA,NA,NA,NA
"116","GaronneUpstream",32,NA,NA,NA,NA,NA,NA,NA,NA,NA
"117","GaronneUpstream",33,NA,NA,NA,NA,NA,NA,NA,NA,NA
"118","GaronneUpstream",34,NA,NA,NA,NA,NA,NA,NA,NA,NA
"119","Kanawha",1,0.687840388485154,0.766794661641734,0.623627616047923,1.52138238434325,1.41799107176117,3.89911578104061,1.90622646234688,2.91532743271081,1.34725929884419
"120","Kanawha",2,0.564175330958274,0.629021453508996,0.51144978245929,1.38512539154976,1.31115086608716,3.76074609283744,1.58283103811588,2.59994745723864,1.02726310701207
"121","Kanawha",3,0.934561106744111,1.03900736407899,0.849197883688565,1.28456680426891,1.11462110596835,2.53061136540489,1.46956177919689,2.44462667943904,0.963929995721674
"122","Kanawha",4,0.86528321570815,0.964325025326167,0.784691105722921,1.72852790041385,1.58834376658146,4.20711151238081,1.9630147529664,3.33039129695378,1.30690570751037
"123","Kanawha",5,0.739505941437819,0.824716601185109,0.670254495351918,2.4371292940617,2.40824349872854,7.76470945060645,2.71708637678299,4.55895747823624,1.78248332572143
"124","Kanawha",6,0.760109175955393,0.843987308303347,0.691398980938516,0.963251837917399,0.8242819703718,1.8030834697229,1.11537667149128,1.83089784516866,0.740264085670439
"125","Kanawha",7,0.661185597522557,0.73497358830713,0.600863445905101,0.897409201471806,0.777023746629912,1.75388894036645,1.03094829947726,1.68500901120187,0.684883936774849
"126","Kanawha",8,0.379351170100151,0.422878292349057,0.343948412460996,0.836367172724069,0.779454719392437,2.14365465299304,0.963557463335203,1.60323098432197,0.623872335190469
"127","Kanawha",9,0.605355052849664,0.674296673718721,0.54920363361681,1.0551489050343,0.950106203553709,2.38258053599671,1.19866412673246,2.0178612036305,0.7674768377922
"128","Kanawha",10,0.70910708835445,0.790785905965287,0.642721579925012,2.2475692138703,2.2108892810677,7.05038037725623,2.50209243450393,4.20128702089458,1.64284932745831
"129","Kanawha",11,0.991917608094156,1.10624499288591,0.89900764257279,3.36043696484615,3.33042740347698,10.8123473196723,3.79150328754998,6.14471777729037,2.52227459856693
"130","Kanawha",12,0.727211285831555,0.809968413237863,0.659798060067308,1.24741839193083,1.1205875204385,2.79253059798032,1.42194145733721,2.33815136298528,0.944182681356217
"131","Kanawha",13,0.70163605735939,0.782177262141268,0.63613316178836,1.55582608744776,1.45063780325952,3.99296364557572,1.77318701595659,2.95427202814644,1.18048282196649
"132","Kanawha",14,0.801455268491767,0.893800762963784,0.726404768275268,2.63129680093216,2.59902295807173,8.37158451909576,2.94864489310712,4.91897692343153,1.93190983240031
"133","Kanawha",15,0.884669233488808,0.986642309823267,0.801800262688143,2.98260114042473,2.94958597608292,9.50130984463419,3.37482084040319,5.54052977638043,2.22739081506932
"134","Kushiyara",1,0.680514653108141,0.758059213825633,0.61736403866664,1.70308837260007,1.64134514585024,5.03273819382732,2.02342497089046,2.58115656935178,1.60247633643001
"135","Kushiyara",2,0.560196842107117,0.624271149279731,0.508051768482049,1.54109832481476,1.50811055952339,4.82669115504493,1.65042138067388,2.22709259540601,1.20680705243177
"136","Kushiyara",3,0.967639270834256,1.07843023788434,0.877492274680167,2.78549685880512,2.74725744258845,8.99296361571711,2.97837240618541,4.10751247297476,2.14153259794046
"137","Kushiyara",4,0.864897329323165,0.963871194496676,0.784357499785165,2.60070311127208,2.59051394317508,8.73964971789674,2.69188803751902,3.68348039160714,1.94419976128126
"138","Kushiyara",5,0.732585942382494,0.816447689598235,0.664347900430998,2.32744446665519,2.34463781748829,8.18222874012344,2.38775106832984,3.30856221438109,1.75522475922709
"139","Kushiyara",6,0.803606311214015,0.895761180413675,0.728644704949616,2.53922479185435,2.54332817035763,8.6953329646721,2.66548128349371,3.73304458566344,1.90819664084922
"140","Kushiyara",7,0.688060086247756,0.767003329706693,0.623851074483112,2.28729998299839,2.31360079111666,8.1447836085071,2.43051602897141,3.42901307718302,1.7429332054178
"141","Kushiyara",8,0.378889733112587,0.422328593196337,0.343553571916541,1.20159264002742,1.20508169391905,4.1367341262915,1.27116922963658,1.78368220004014,0.901489326818795
"142","Kushiyara",9,0.610828089575463,0.680836043370907,0.553875476247762,1.98477332611897,2.00393668630021,7.0294648850191,2.05307220563492,2.86323623844947,1.48400849547147
"143","Kushiyara",10,0.700878606753164,0.780957433914507,0.635695798563312,1.76515099826912,1.70001520956207,5.19494936525256,1.94206110310385,2.62058135950526,1.43832161363695
"144","Kushiyara",11,0.926732978172681,1.02900183287501,0.842983896975948,1.45357656132559,1.29198098138732,3.15811543032284,1.70637075694833,2.32695391856095,1.30154373845672
"145","Kushiyara",12,0.711351887668041,0.791184379152037,0.646162870294489,1.29437094630745,1.18023651934949,3.09263106414305,1.55117601260066,2.06935603204992,1.16974394329737
"146","Kushiyara",13,0.685692872702217,0.76318459491832,0.622490672608504,1.34855490878171,1.24758287446358,3.40875769092562,1.59784603235749,2.15267595513138,1.1915382747362
"147","Kushiyara",14,0.764104957600541,0.849339529748304,0.69442461856885,1.21138720915889,1.07929695184901,2.65122878186837,1.50130224582392,2.02759292396464,1.11875470902306
"148","Kushiyara",15,0.852967210297342,0.948863490344522,0.774680584026119,1.46551695705624,1.32338166099404,3.37242239686706,1.79388586188121,2.46343289294567,1.35379577258706
"149","Kushiyara",16,0.699110285503215,0.778252891276472,0.634581057815169,1.3454299307145,1.23855915746555,3.33173020805332,1.61631865879574,2.21048112579165,1.20916802560311
"150","Kushiyara",17,0.824043003616264,0.914395798900504,0.749961236432409,1.21280533793024,1.06664827401809,2.53394524204261,1.47339128957424,1.98672574083654,1.10429642344073
"151","Kushiyara",18,0.663500327091932,0.737310840388145,0.603135596450682,1.11485816700212,1.00371429639133,2.54304890356481,1.3214264359133,1.78027001573303,0.983163210642447
"152","Kushiyara",19,0.740234004577332,0.822745373539333,0.672778907690713,1.22516665163709,1.09876379866582,2.7486165090845,1.4220339524201,1.93444547033338,1.06148897799793
"153","Kushiyara",20,0.873716580733743,0.971099119641145,0.794106866279073,1.46698765669333,1.31817695076418,3.31416143513556,1.68147907935766,2.27992495935708,1.24107565056196
"154","Kushiyara",21,1.2417606805659,1.38000047232613,1.12872008033194,2.10668134122342,1.89935289109097,4.83012016672084,2.50941814233213,3.43935268159164,1.89244594576672
"155","Kushiyara",22,0.985602223077787,1.09551071933977,0.895747724766164,1.61804166053573,1.45088312006563,3.63178594217761,1.96052304601115,2.64941809741458,1.48058993331718
"156","Kushiyara",23,1.24957626115789,1.38816180617472,1.13616853255807,1.98303950612031,1.76825778223531,4.36186167903244,2.38732773679473,3.22739824127058,1.78572619071723
"157","Kushiyara",24,1.06456080364843,1.18227062369831,0.968192517716334,1.68496941590509,1.50103263248753,3.69340605229517,2.03016161427399,2.726332746495,1.49255963509943
"158","Kushiyara",25,0.766709233014779,0.851834536616076,0.697064751890396,1.2514936740856,1.12137492487911,2.80432128473595,1.49121396665853,2.00817343111814,1.11583240201579
"159","Kushiyara",26,1.34213704436079,1.49237514857602,1.21939981602503,2.36470298799003,2.14557980949406,5.54951981786815,2.79699107034817,3.79535158019947,2.1037168727677
"160","Kushiyara",27,1.67884448519078,1.86738721815019,1.52489485938651,2.87460883151595,2.59448634254217,6.60311462346679,3.51850400872519,4.78434642743031,2.63841403406302
"161","Kushiyara",28,1.36964519908448,1.52436994346986,1.24344315321216,2.56653450975987,2.35053218753483,6.22641752116238,3.11486060626222,4.21364490142126,2.34056148019892
"162","Kushiyara",29,1.14220446475086,1.27182459598046,1.03656499423398,2.34067653168969,2.17820349813539,6.04224402996604,2.77189750945943,3.76941184736968,2.06588603169369
"163","Kushiyara",30,NA,NA,NA,NA,NA,NA,NA,NA,NA
"164","Kushiyara",31,NA,NA,NA,NA,NA,NA,NA,NA,NA
"165","Kushiyara",32,NA,NA,NA,NA,NA,NA,NA,NA,NA
"166","Kushiyara",33,NA,NA,NA,NA,NA,NA,NA,NA,NA
"167","Kushiyara",34,NA,NA,NA,NA,NA,NA,NA,NA,NA
"168","MississippiDownstream",1,0.570305941077313,0.628205502255557,0.522195354570143,0.594824723306513,0.486649419442502,0.944148258780578,0.466805200637837,0.577364714143245,0.374646587951702
"169","MississippiDownstream",2,0.491583873507723,0.543049563858923,0.4490331373359,0.527972269453474,0.436587387486622,0.871013228961672,0.311828142277232,0.392012518321278,0.250073986313047
"170","MississippiDownstream",3,0.815591463040202,0.898977764959241,0.746378865528268,0.853434640178753,0.699628827024209,1.36431788097937,0.545612793736092,0.684914090359401,0.433787432580711
"171","MississippiDownstream",4,0.715951079590006,0.788406879340738,0.655716607234024,0.746418964898769,0.61021094879534,1.18165760568026,0.507311178663351,0.637361987766571,0.406185643021187
"172","MississippiDownstream",5,0.634526489575804,0.700514149688336,0.579911470150777,0.678942643869052,0.560398564106788,1.11295918215888,0.407737893292354,0.512683508834649,0.326762093916782
"173","MississippiDownstream",6,0.704014380170072,0.777820088425217,0.643007460921749,0.757677018335111,0.6268858604067,1.2525306959896,0.445721292004175,0.564188876247849,0.353666854370344
"174","MississippiDownstream",7,0.575330994649859,0.633960524866344,0.526639945835391,0.599440403535086,0.490756289241265,0.9535645597554,0.387639676115975,0.489784563105193,0.311967254153342
"175","MississippiDownstream",8,0.320580824073236,0.353472927373728,0.293295483145374,0.336624449456527,0.276302472812231,0.540586308253762,0.212045464786743,0.27058666477693,0.168813805977432
"176","MississippiDownstream",9,0.517352999701596,0.570465134047268,0.473299460859378,0.544353877034115,0.446999598609905,0.875629396806456,0.342752483903774,0.433345372789912,0.271532032695132
"177","MississippiDownstream",10,0.615417163283994,0.679814766819872,0.562170498121942,0.661108645651125,0.546651645724885,1.09051213998411,0.390028480556608,0.498173280032773,0.310185556581023
"178","MississippiDownstream",11,0.860867702114938,0.950979962979256,0.786361704961066,0.92301818108444,0.763018956855855,1.52087242658133,0.542352898046777,0.695699856558023,0.428540130601997
"179","MississippiDownstream",12,0.637506955201991,0.70388240354783,0.5825761391628,0.6773962492081,0.558636253152005,1.10636649322925,0.401082145201306,0.515290094467747,0.324382483627269
"180","MississippiDownstream",13,0.58919298392226,0.649449161348135,0.539182363362479,0.617553829096758,0.506411940650227,0.988409846759501,0.397075375111487,0.503793915214414,0.315269685402987
"181","MississippiDownstream",14,0.698239665696543,0.771513591935852,0.637683843287777,0.754323291842457,0.624609137809492,1.25079090371998,0.444693083170672,0.566805138934324,0.35658000636848
"182","MississippiDownstream",15,0.7885629693428,0.872570637464181,0.719314786868937,0.873222455586641,0.727693504558795,1.48179765672546,0.487260059043363,0.61824848126269,0.387555231422545
"183","MississippiIntermediate",1,0.64498128746268,0.715904625361893,0.586854140522675,0.881278692747114,0.764885917530385,1.74782406901219,0.600759577577433,0.718171103612974,0.508210858390349
"184","MississippiIntermediate",2,0.499667820293299,0.55257121096247,0.456015609483135,0.562088125967766,0.469634109187387,0.965464605764842,0.32797496800957,0.39814382928183,0.273260256975448
"185","MississippiIntermediate",3,0.914039925626115,1.01480291489763,0.831494500985755,1.31758434847011,1.15586010031693,2.72768207688069,0.776638578655443,0.943214515031739,0.644706719101814
"186","MississippiIntermediate",4,0.831867278911498,0.924638592569201,0.756025469377138,1.3087975277668,1.16447571062532,2.85065658102583,0.822062519337511,0.996332241864071,0.674290611036638
"187","MississippiIntermediate",5,0.652073980406112,0.721064856675586,0.595139772964569,0.728600231540836,0.607898952400145,1.2443861882325,0.438605541871799,0.532345995843678,0.365895137107895
"188","MississippiIntermediate",6,0.705475854561422,0.779558501686537,0.644259819942827,0.773765927354214,0.6427551945782,1.29994784892264,0.457300020731781,0.55914600248306,0.3793734635362
"189","MississippiIntermediate",7,0.631763151110678,0.700244313574854,0.575495918275824,0.805520902120746,0.690397043291548,1.52602426666061,0.496141076063422,0.606269302834115,0.414098753537701
"190","MississippiIntermediate",8,0.333979263954192,0.36916816908747,0.304921046289731,0.374088565556536,0.312080837657891,0.639112580311133,0.234435007865754,0.281965943111757,0.193560311765571
"191","MississippiIntermediate",9,0.509990912833541,0.561746500547345,0.466970865400119,0.524511984361836,0.428277165544385,0.825916524431907,0.34950203840765,0.42488183111654,0.293236324257267
"192","MississippiIntermediate",10,0.598489130282049,0.659945488427605,0.547507734943471,0.623852354680436,0.511642092583074,0.998453648931526,0.385382237509255,0.471093533609613,0.320091350450043
"193","MississippiIntermediate",11,0.778591341676002,0.854967423139973,0.714748391843022,0.781507153677603,0.63120719139513,1.18217055354136,0.507935940730161,0.618274176750359,0.419755768082965
"194","MississippiIntermediate",12,0.617125154174376,0.680018068557728,0.564885783076695,0.638734443217078,0.522519636395002,1.01288945364466,0.399605007797372,0.480366823888374,0.332338904431893
"195","MississippiIntermediate",13,0.588405225416653,0.648393063861833,0.538582041157978,0.609403821019972,0.498613764929913,0.96702532944097,0.408163769861059,0.492656205819295,0.338091840122613
"196","MississippiIntermediate",14,0.648081389760604,0.712832605039872,0.594118421203727,0.65689448578291,0.53341776077754,1.01342700730826,0.416979652510494,0.506292304472247,0.348347011390558
"197","MississippiIntermediate",15,0.724438054988906,0.79744542197452,0.663683092878114,0.73989513728987,0.602581699592425,1.15392287065066,0.443942681113682,0.544672987818515,0.36430121304355
"198","MississippiUpstream",1,0.496991214343996,0.548372056063165,0.454506588259218,0.581586889937984,0.458160428815501,0.932638219503537,0.351019251341395,0.433405419580638,0.28802481359471
"199","MississippiUpstream",2,0.404333399236001,0.445948646144089,0.369897449855559,0.46845850199692,0.3676878179772,0.743245016922025,0.24548886386961,0.305717974292923,0.196780030474506
"200","MississippiUpstream",3,0.704921862124669,0.778208974023834,0.644384644960437,0.840943475480413,0.665647302084335,1.37015014220878,0.434674985171832,0.544469539252325,0.342999250579028
"201","MississippiUpstream",4,0.630531565323628,0.695931277015352,0.576489018793398,0.752133821011457,0.595886086050349,1.22793887812246,0.403309442276795,0.503680889175984,0.325649355218746
"202","MississippiUpstream",5,0.526907616198543,0.581115915992596,0.482045233337499,0.608052325200099,0.476388057275514,0.960260109211764,0.323738408466919,0.404792051035107,0.2597483301651
"203","MississippiUpstream",6,0.573555428311286,0.632384838346881,0.524843385169368,0.659102950410171,0.515351846709732,1.0352095643309,0.350407502018823,0.439733061059925,0.283622140861163
"204","MississippiUpstream",7,0.48979810398801,0.539996567561926,0.448226395654909,0.562010910912496,0.439176018783037,0.881094256490045,0.308604241727778,0.389386046107392,0.252730742099122
"205","MississippiUpstream",8,0.266031173283835,0.292824503825034,0.243776838156421,0.296372235149486,0.230271523504451,0.453494398166365,0.170267552364262,0.213598921602907,0.138854314013567
"206","MississippiUpstream",9,0.427668989968625,0.470409427588672,0.39211898570697,0.468891146769978,0.364358628312544,0.712152895850782,0.282098977353724,0.355283106918213,0.226942792689909
"207","MississippiUpstream",10,0.498829974314022,0.549471990617072,0.456823323385582,0.561903260306272,0.43751988116676,0.868208201839677,0.313960697448479,0.390273814115177,0.255845372348155
"208","MississippiUpstream",11,0.676073857987871,0.742891296846672,0.620393080298876,0.735041076767018,0.5675545304786,1.09782812753246,0.444873468249606,0.553065642538663,0.366041024801783
"209","MississippiUpstream",12,0.507880891372349,0.558773624357232,0.465568515702461,0.561703322048784,0.432835362116824,0.844193606643521,0.322054908154124,0.400310802434239,0.259485352977794
"210","MississippiUpstream",13,0.491867048579642,0.540671954134966,0.45122086636058,0.533136309219392,0.419527418349042,0.800847885627125,0.329061041746522,0.411405803745387,0.265705162667812
"211","MississippiUpstream",14,0.555055813402751,0.610681063873209,0.508813215504861,0.614035672254399,0.475679801543504,0.931556390682718,0.356768425169787,0.449634848175986,0.287709065974278
"212","MississippiUpstream",15,0.614118558305908,0.676226449204181,0.562565233847161,0.689496921800306,0.534179229644185,1.05403673042335,0.380485989011404,0.469888884535945,0.306278460194016
"213","OhioSection1",1,0.618737558074939,0.68614150481425,0.56344929333275,0.818784098844873,0.703084035576307,1.55801117059049,0.938482850001062,1.12209175047632,0.775830535305811
"214","OhioSection1",2,0.524658297567397,0.583100768298366,0.47691134330171,0.87205914291678,0.778314503647314,1.91509918599149,0.840131932499219,1.02820521037913,0.6887215682973
"215","OhioSection1",3,0.883109067650793,0.979966818719119,0.803756817378075,1.22640785336321,1.06222380749031,2.40947390658148,1.21848427593307,1.4988591698712,0.998293751135018
"216","OhioSection1",4,0.774107312291175,0.857860428438289,0.70532348253743,0.981693995663124,0.836426161481923,1.814362509156,0.992665830867333,1.21626008975157,0.814033807583636
"217","OhioSection1",5,0.710485354643944,0.790883720536058,0.644968278471095,1.97673256083215,1.91061590128117,5.82852646712362,1.81833396117203,2.27267627187709,1.4888109194785
"218","OhioSection1",6,0.764189459263553,0.850099246463629,0.694111575482836,1.5326231917005,1.40867778770128,3.75029181914269,1.46412127658065,1.79868861481453,1.18408394619711
"219","OhioSection1",7,0.625157596353231,0.69365306528177,0.569031017542671,0.857420122894594,0.740982091874662,1.67031636666963,0.854165587248727,1.03716836090401,0.703344786423219
"220","OhioSection1",8,0.353192913170035,0.392486682516027,0.32108265660496,0.575190694370376,0.511760159655354,1.24884223102688,0.55911609634499,0.683541819153136,0.456212827434143
"221","OhioSection1",9,0.578085519929422,0.642893726061178,0.525195533679256,1.08509391501729,0.987578149243288,2.56215423490772,1.0346086443204,1.28643545460663,0.833616188394614
"222","OhioSection1",10,0.684361147611303,0.761925181026907,0.621168313421314,2.18216365424326,2.15100128645867,6.91310471107743,2.00291751957451,2.43143777037622,1.64955601716375
"223","OhioSection1",11,0.967786108333728,1.0779133867525,0.878107632149622,4.16109587572873,4.27510076682062,15.3022750409243,3.70270548290232,4.52163606979845,3.01690003790336
"224","OhioSection1",12,0.707364881674372,0.78728209656846,0.642226934013562,1.77360656803897,1.68692744419851,4.92685707465861,1.66020444153399,2.04834648220375,1.34329153653301
"225","OhioSection1",13,0.642346641686492,0.713122360576381,0.58441036576507,0.928356776503907,0.809641570917876,1.87134461034316,0.920149016160913,1.13733515167351,0.744576899872238
"226","OhioSection1",14,0.777988601248387,0.866340921197979,0.706023563674228,2.81594357288866,2.82441216986755,9.49318982335839,2.50948875871164,3.11232473914627,2.01436923956711
"227","OhioSection1",15,0.853336017628378,0.950071160227904,0.774526651674133,2.72468060259218,2.6844435700345,8.60945173604067,2.51009897547366,3.09964849687209,2.02007545522351
"228","OhioSection1",16,0.701746998320451,0.781669980184846,0.636671632302732,3.23616249619826,3.35823957459934,12.3412255583012,2.83568911611562,3.47509891745783,2.31916082924071
"229","OhioSection1",17,0.879366411352701,0.980045168270982,0.797453964801622,5.30993275554482,5.71813278936096,23.1429746273629,4.00331114307032,4.98161144875231,3.25897101854956
"230","OhioSection1",18,0.689263425212817,0.767989829104089,0.625188044825535,3.71008156412999,3.93181231139638,15.2572976819679,3.04619282995838,3.79499491295139,2.46757902383118
"231","OhioSection1",19,0.765395096346142,0.852734303961236,0.694300000868481,3.97182200947005,4.18835028516391,16.0458604139544,3.26603119062122,4.00932362722648,2.67334415132943
"232","OhioSection1",20,0.886347418136027,0.986711230839148,0.80456565378904,2.55596504522726,2.4871966904373,7.74160094217619,2.30137269734494,2.83921985337501,1.878047228975
"233","OhioSection2",1,0.655557127169163,0.728324450143668,0.596010099303413,0.841360228478131,0.721526595373366,1.58580130381305,1.4232241294406,1.92598404084722,1.06882964777284
"234","OhioSection2",2,0.556059287261294,0.619324284419932,0.504521756846125,0.926921909775016,0.828604216386417,2.0359037914947,1.39695644817324,1.98904769895868,1.01636617649418
"235","OhioSection2",3,0.916421994333567,1.01744390079803,0.833649815114757,1.12964504254113,0.961898194753603,2.07404031288895,1.69630423691874,2.39204782082784,1.23825967266601
"236","OhioSection2",4,0.814378967669989,0.903755460610853,0.741090656614416,0.988129729187416,0.838973994508672,1.79557476965186,1.48667161430822,2.08149635223533,1.08052881483999
"237","OhioSection2",5,0.735637120087197,0.820088810205531,0.666955047955188,1.64117838290999,1.5312673541916,4.22146126870398,2.48579315693881,3.55651150709598,1.81215349891685
"238","OhioSection2",6,0.779013066496995,0.866422441912716,0.707624735393927,1.08233887549706,0.940472633666844,2.14096637738024,1.6220254715013,2.34153866084174,1.1686005192858
"239","OhioSection2",7,0.643905667136763,0.714452957976646,0.586039142525114,0.772727631741222,0.654758765111533,1.39345886924651,1.16046162154938,1.64058914741784,0.83839907259549
"240","OhioSection2",8,0.369054546069457,0.410592382142965,0.335149280835069,0.530014521603425,0.463032103575823,1.06963229563873,0.797437844402621,1.12550974899971,0.57326633359559
"241","OhioSection2",9,0.599083852677132,0.666827105492188,0.543836737745146,0.949518327889847,0.843090001071626,2.03784754853111,1.40787400195844,2.00375830545573,1.02081198138264
"242","OhioSection2",10,0.707215341158963,0.788522511958642,0.641108549244728,1.68981640706143,1.59093739913753,4.48891283000987,2.54977564610886,3.60653863518266,1.8365891897903
"243","OhioSection2",11,0.992063497759641,1.10641967165249,0.899131963721727,3.45052369235064,3.4296153545775,11.208012004393,5.10203859205028,7.36366641308502,3.66353234765099
"244","OhioSection2",12,0.726974607302344,0.809681412881179,0.659598482048241,1.19131532997556,1.06170388060603,2.58520886192977,1.80016276822123,2.62778984952071,1.28961710495411
"245","OhioSection2",13,0.674351360511229,0.749644590315705,0.612802934560127,0.900381362017127,0.777315134183139,1.73924343659534,1.35788029959488,1.9129628069647,0.984908237501567
"246","OhioSection2",14,0.801407236376552,0.893743374822842,0.726363766399448,2.59773654500724,2.55865759435819,8.16843823171214,3.88918603557051,5.65951117047762,2.77185540447497
"247","OhioSection2",15,0.881448998676715,0.982789532395432,0.799054419312218,2.16983576191209,2.0534884037156,5.88220282201264,3.24834066108115,4.6549616438777,2.30690871977256
"248","OhioSection2",16,0.717913103061988,0.800683101408172,0.650652417823514,2.65209367600874,2.65914109750349,8.89823555749562,3.8777215523476,5.55275638066017,2.75195032790883
"249","OhioSection2",17,0.890505141209415,0.993257509747893,0.807019112330227,4.93220765222181,5.21467273187728,20.0314873897249,7.10655189785654,10.240166737105,5.11159069587283
"250","OhioSection2",18,0.701222467583806,0.782127705723361,0.635486193197099,3.64608592689429,3.82564559208675,14.4168539044757,5.30802878019361,7.63672407650867,3.77792082350051
"251","OhioSection2",19,0.780289855334753,0.870317879525525,0.707141260023632,3.87963966174628,4.04144465763386,14.9244406549167,5.79540061628233,8.39004580153369,4.24322712229325
"252","OhioSection2",20,0.912729493296627,1.01730016580866,0.827653698224911,2.02378764466464,1.8909465769399,5.24852991422247,2.99458726435606,4.27298558815272,2.1303870500699
"253","OhioSection3",1,0.652793615639163,0.725074292823709,0.593620598658029,0.852080548552726,0.732970520283161,1.6267875339435,1.23982705007684,1.58269188992532,0.994332127139427
"254","OhioSection3",2,0.551871656222505,0.614347898710138,0.500931284232541,0.957287826396649,0.863595914629521,2.18577120977988,1.2706349531328,1.68204551721674,0.999560218441548
"255","OhioSection3",3,0.909913669364114,1.00978856288245,0.828022677776702,1.1309779139301,0.964365382269165,2.09007041986015,1.52694753234097,2.00064709250079,1.19216700372659
"256","OhioSection3",4,0.818015806004932,0.908112112198075,0.74418823345094,1.03832288251949,0.888751916816157,1.9465041583838,1.398087912506,1.84364814678653,1.11328425981896
"257","OhioSection3",5,0.730534984024957,0.814001436936421,0.662594667599611,1.62512177676826,1.52432408144947,4.29326961098519,2.15824617295106,2.8225661448638,1.68806580850933
"258","OhioSection3",6,0.774890867532905,0.861571829015505,0.704062016044296,1.14582568069504,1.00720517957692,2.37484465137307,1.52632612455036,2.00617391733898,1.21667927977102
"259","OhioSection3",7,0.643436873391895,0.713936516503547,0.585612994581878,0.790424348107803,0.672525358867263,1.44884995738314,1.07293301604183,1.4005238369828,0.846128988342958
"260","OhioSection3",8,0.365418024365399,0.406277648900886,0.332027331793035,0.516796053096446,0.450697251815579,1.03843529963583,0.699172583005298,0.909261310209276,0.553083312829647
"261","OhioSection3",9,0.599857127707446,0.667752853333084,0.544495767247717,1.01769893579917,0.914582083624655,2.28945072009857,1.3631443247124,1.77522751493356,1.08072460708349
"262","OhioSection3",10,0.70270463525998,0.783139118308541,0.637254583908522,1.79928128074507,1.72742213219288,5.19589837173871,2.34854946482158,3.09201055687728,1.83027285411438
"263","OhioSection3",11,0.989679097454741,1.10356770395707,0.897098362688068,3.14689711030467,3.10474108575946,10.0027167331458,4.23294419733001,5.63716045622963,3.27542819444579
"264","OhioSection3",12,0.718978388448411,0.800181584359533,0.652741022665248,1.21327665450831,1.08980136830165,2.72630285729473,1.60999907609115,2.07934743497674,1.27370282915117
"265","OhioSection3",13,0.668944255508351,0.743247534880257,0.608150004732165,0.8919693313594,0.770127765480998,1.72645638988148,1.20362250914597,1.57716201265404,0.936382198770398
"266","OhioSection3",14,0.798318107810522,0.890050176412413,0.723728136812473,2.32935560724143,2.27311005347518,7.12104044757194,3.11465647376205,4.07721382673203,2.43028144706541
"267","OhioSection3",15,0.876421633623038,0.976784371413806,0.794762019160878,2.00171137694686,1.88215871330791,5.32681299948216,2.687809126399,3.51491236708931,2.0692099619128
"268","OhioSection3",16,0.717091393543512,0.799700119779563,0.64995168139644,2.70376843122457,2.73255727222008,9.3857185226948,3.53945764178256,4.6525589950041,2.79578240272169
"269","OhioSection3",17,0.890009937982021,0.992664734913372,0.80659703418313,4.27002022433309,4.44582345981123,16.4647043060947,5.555369436224,7.32478565279239,4.32399841326872
"270","OhioSection3",18,0.70086927902341,0.7817049379474,0.635185152643663,3.25263543586127,3.37083836131499,12.3304437376457,4.30672808825652,5.69421737436109,3.33177178925654
"271","OhioSection3",19,0.779068604421259,0.868856468310361,0.706100076898331,3.3761134977898,3.47969985844769,12.5898025781778,4.28293878216999,5.6170379237896,3.33883940611379
"272","OhioSection3",20,0.907497988946914,1.01104931646041,0.823188076676209,1.72291036641139,1.57333935875997,4.1052666481828,2.35541523167705,3.08037286841248,1.86290304692595
"273","OhioSection4",1,0.670599873956725,0.746216812157154,0.608898286407309,0.975302016753752,0.85360824416907,1.98086759678844,2.14332729931991,3.12797832824601,1.51779869633995
"274","OhioSection4",2,0.564550627137082,0.629469927140894,0.511770105150488,1.33812623319343,1.25747476470571,3.5270948913764,2.56135216974046,4.05409566186774,1.70601643082422
"275","OhioSection4",3,0.941568317936566,1.04732663885251,0.855210482132511,1.31961855543733,1.14824623603764,2.62361903070643,2.52191093383105,3.98095171695996,1.70643866401595
"276","OhioSection4",4,0.848888959386253,0.944759185303337,0.770683645039817,1.25834737370504,1.10464404979362,2.58419926767576,2.4165757028026,3.87443735638335,1.60972104483786
"277","OhioSection4",5,0.74013297592177,0.825467030368176,0.670789025675482,2.59796144183763,2.58122270745407,8.40964207257024,5.18557794912057,8.22131458277716,3.4775580383694
"278","OhioSection4",6,0.804430161858861,0.896741255577029,0.729350443469596,1.70988602217193,1.58302305178143,4.26945873239057,3.26784093302149,5.1860488334594,2.17808153874404
"279","OhioSection4",7,0.663621515639377,0.73785777805294,0.602958226294913,0.898733994020343,0.777682183259711,1.75069139703087,1.71343066441228,2.73412324225485,1.15985443918451
"280","OhioSection4",8,0.37534313387758,0.418089207441567,0.340527199302558,0.630440493101641,0.5639816999012,1.38751194527053,1.20861248506164,1.87204712873691,0.824344922669338
"281","OhioSection4",9,0.612713434071286,0.683085958522672,0.555486426102869,1.3519763793716,1.25803038801842,3.43812733030463,2.59436295111169,4.06350480798503,1.7687234058986
"282","OhioSection4",10,0.710413421512315,0.79234934113402,0.643835178505667,2.74888473782506,2.766120053466,9.31468919641348,5.27269809275826,8.45308756426293,3.5330540341067
"283","OhioSection4",11,0.993334458078676,1.10794099391882,0.900215279988521,4.73766720879863,4.90371025900953,17.7879975717908,9.00369638601425,14.4323239878338,6.09766604484579
"284","OhioSection4",12,0.737056527135656,0.821727967989777,0.668204310808308,1.66334209723947,1.55331526521291,4.2882258462417,3.18260305056836,5.06409962954715,2.13051673651505
"285","OhioSection4",13,0.690334338279207,0.76867843831457,0.626483077033143,1.08984984615605,0.965936008684632,2.3179782664042,2.09661828265824,3.26883590720745,1.42196486797572
"286","OhioSection4",14,0.802678229988256,0.895264503546479,0.727447246172268,3.24851595667618,3.28904860061194,11.2580515621753,6.48080358403428,10.4529349097425,4.38213922293348
"287","OhioSection4",15,0.884708855521187,0.986689706962851,0.801834052240228,2.92754722808626,2.88539168869695,9.20348199826844,5.67863777002084,8.96779333237553,3.74259690088215
"288","OhioSection4",16,0.718724097384127,0.80165388972345,0.651343654644547,3.78496540681238,3.97161510811426,14.9427915960255,6.54876851197584,10.6962813368194,4.35546442095414
"289","OhioSection4",17,0.890582203522147,0.993349770618117,0.807084786590735,5.43908958678027,5.82463650208087,23.1342076147376,8.57049849438414,13.5604232076683,5.72275541695445
"290","OhioSection4",18,0.701318538724591,0.782242719774684,0.635568069903426,3.89149150617816,4.11249069221304,15.7665276628871,6.75319767862117,10.5934221124288,4.50572904575908
"291","OhioSection4",19,0.780453152246267,0.870513382314701,0.707280425511719,4.89331948917041,5.25922353538673,21.0917012827039,7.56551117068038,12.2010093793634,5.00497382366355
"292","OhioSection4",20,0.916006134018316,1.0212110835109,0.830453071490866,2.01975501654571,1.87923374111976,5.1346456166722,3.87311640477399,6.09670370278815,2.57257631270478
"293","OhioSection5",1,0.642992279186914,0.71343191887217,0.585213778652326,0.775022500455932,0.657190120809303,1.40170171826837,0.824316220818264,1.05119530553464,0.656434309217312
"294","OhioSection5",2,0.555042613681802,0.618116798254687,0.50364967146994,0.946127587699318,0.849400600928866,2.1143277030414,0.812561241005922,1.07258804714894,0.628004782538293
"295","OhioSection5",3,0.897452502877413,0.995010538073999,0.817320313599481,1.05347252781127,0.888736091940777,1.87006404338545,0.930708736499519,1.21359413396917,0.714330627242374
"296","OhioSection5",4,0.811719702956974,0.900615908030123,0.738798304237813,0.978193536228944,0.829425220198931,1.76887825169951,0.860677942631809,1.15213178609631,0.665249822814651
"297","OhioSection5",5,0.733019561502673,0.816961232228373,0.664720692707239,1.51585207977545,1.4002675457279,3.76263239745007,1.30590653970262,1.72375640889641,1.00597179423652
"298","OhioSection5",6,0.784883383098762,0.873423965899928,0.712643000782421,1.18475346110904,1.04357252254131,2.46675807763009,1.02474763030728,1.36098175012823,0.793368118507312
"299","OhioSection5",7,0.634375721475719,0.703184057417211,0.577834751643844,0.735244543876823,0.618789389978642,1.29342364175774,0.655847335641706,0.857913381207606,0.509989392635285
"300","OhioSection5",8,0.356013489128487,0.395105629045395,0.323961429397372,0.433968275459773,0.368750239046483,0.79089083307196,0.37990002406198,0.493035470131173,0.291543253791258
"301","OhioSection5",9,0.596689540413167,0.663967017765696,0.541792530890042,0.886269340443193,0.778537872997611,1.82613943689373,0.771036390042346,1.0091642808754,0.590954790122927
"302","OhioSection5",10,0.704843384231284,0.78568725032303,0.639084503074566,1.55772430013514,1.45285128413503,4.00592826116725,1.34223832016337,1.77406489641562,1.02714156139566
"303","OhioSection5",11,0.991910115418226,1.10623612925672,0.899001195334589,3.58254362783492,3.58802360014556,11.9973456721585,3.02268066589793,4.04530278387626,2.30662262147478
"304","OhioSection5",12,0.721033949076519,0.802604183504047,0.654515291784556,1.12091795413831,0.991758794041858,2.37186586913466,0.97234184246955,1.28003433363557,0.738909204274624
"305","OhioSection5",13,0.660249418885114,0.732908920803647,0.600698514264552,0.811370480044936,0.690468915986347,1.48670536157893,0.715438409228248,0.926360674472251,0.554327822852141
"306","OhioSection5",14,0.798510301448303,0.890278101582833,0.723893190276971,2.00109047238925,1.90120514476236,5.51193875958151,1.70682702070053,2.2511173815901,1.31325382190179
"307","OhioSection5",15,0.878063831691064,0.978743172985525,0.796165766183888,1.93227774974355,1.80167792478239,4.96609580998716,1.65707394454584,2.15925885789383,1.29009881956276
"308","OhioSection5",16,0.718268024271032,0.801107915741374,0.650954951077654,2.95717505329835,3.00878252058792,10.4644230532804,2.51829455270446,3.32930695412501,1.95135047865448
"309","OhioSection5",17,0.890450223642543,0.993191762157039,0.806972309718507,4.71799486361544,4.96110007814332,18.7971522117647,3.8297956651552,5.06647817073656,2.93187611964444
"310","OhioSection5",18,0.700836924634137,0.781666172643068,0.635157596766221,2.95701837771632,3.02096388761945,10.6292480536588,2.53004854615967,3.32526859885993,1.95653824029054
"311","OhioSection5",19,0.78028199608628,0.87030847203985,0.707134561153321,3.98266601764854,4.16820196257981,15.6038558644928,3.27896281988945,4.38982596351665,2.53250234047424
"312","OhioSection5",20,0.897058854539336,0.998598936975818,0.814263896431794,1.42132411498971,1.26156425342967,3.04451072830665,1.22974147126478,1.62246152373503,0.949900097071852
"313","OhioSection7",1,0.622436590911781,0.689153139622483,0.567500518772936,0.700422312597473,0.585770700044539,1.20428860718358,0.620855858635787,0.754749824246088,0.517853645139847
"314","OhioSection7",2,0.560313393551798,0.624405733202334,0.508153975733761,1.06679933151292,0.972197737079896,2.51396427575156,0.673404490020941,0.845483538473118,0.546247700053871
"315","OhioSection7",3,0.900222698465745,0.998267541344145,0.819716405750906,1.0595740406959,0.894460709448272,1.88504565372028,0.703367584930745,0.877052503757503,0.580679784700485
"316","OhioSection7",4,0.7937722289993,0.879404623910409,0.723340487774209,0.909341078968983,0.763384982011181,1.58542409900815,0.635812222669821,0.793065822872253,0.514296470775911
"317","OhioSection7",5,0.731695969081669,0.81537911047116,0.663591235513923,1.38297773835124,1.25895194772457,3.24571364240849,0.877315529927906,1.11610064487319,0.70897004846446
"318","OhioSection7",6,0.801003007791385,0.892646405229043,0.726424972783487,1.52831032455951,1.39308257652632,3.60390476297301,0.965839748584525,1.20936865576819,0.783696961471523
"319","OhioSection7",7,0.617690733695252,0.68352686757463,0.563426926806364,0.686906053997536,0.572890435717635,1.16931502288312,0.463217306615165,0.575030063250694,0.375885088643317
"320","OhioSection7",8,0.361746842161588,0.401901080898635,0.3288878139707,0.463783744437516,0.397641244235586,0.873360559733636,0.302310733786804,0.379216241468675,0.244471819405935
"321","OhioSection7",9,0.5988243505401,0.666506080321273,0.543621654706289,0.898174417176185,0.789878577929747,1.85667609594904,0.577656349531491,0.716255837491134,0.467612314164671
"322","OhioSection7",10,0.702963191801755,0.78343974554018,0.637480124271583,1.36970166706366,1.25231330311333,3.26622833092334,0.86610274836354,1.08349766109818,0.698622423401398
"323","OhioSection7",11,0.99149914667994,1.10574429251027,0.898650851284067,3.07527066213538,3.00307153060302,9.34046613676519,1.94529921829121,2.46564661369206,1.56988405569654
"324","OhioSection7",12,0.725006259617411,0.807335870384259,0.657914598784586,1.16214615316324,1.03240295575635,2.49305923467619,0.74179059420116,0.925963468101987,0.598299847398384
"325","OhioSection7",13,0.66308252410912,0.736262659737908,0.603135360095417,0.824307181578105,0.702958145664193,1.52201538774767,0.538861120889436,0.66640888485603,0.431851064992124
"326","OhioSection7",14,0.800803773816074,0.893021232617234,0.725849286236738,2.26952133712037,2.18861372270357,6.5835975365657,1.4114671858286,1.75980578767859,1.14390332977757
"327","OhioSection7",15,0.884202321981354,0.986083625887175,0.801402168357109,2.76432355940542,2.70298099880521,8.43857045988542,1.75538881853826,2.18425823749014,1.43110023557692
"328","OhioSection7",16,0.718725280369236,0.801655307084807,0.651344662196683,3.89418176338466,4.10485452359243,15.6429212583977,2.2665310034437,2.80575005492575,1.84467094578323
"329","OhioSection7",17,0.890617956792093,0.993392576233704,0.807115255802935,5.93994838880146,6.43901413146176,26.4208046611628,2.97033874951285,3.69260071701948,2.39282078280873
"330","OhioSection7",18,0.701315824986537,0.782239471779104,0.635565756640203,4.01853094043728,4.26943889954487,16.6183892564382,2.19318540432727,2.76036071209329,1.78496097136552
"331","OhioSection7",19,0.780362627069328,0.870405003233258,0.707203277974329,4.25348831214444,4.48742126789316,17.1403501733209,2.44349042200883,3.07392602990959,1.98415264052347
"332","OhioSection7",20,0.920231303011787,1.02626623500619,0.834055781127503,2.85347857481118,2.78628313729161,8.66425737386737,1.77522112379139,2.23586432801741,1.44742312391383
"333","OhioSection8",1,0.635092368648421,0.704127073246403,0.578390489837309,0.748775446035166,0.632074189522336,1.33230007314718,0.601341097799027,0.730292395476131,0.507346269062145
"334","OhioSection8",2,0.53466913404168,0.593892968177065,0.486188668316285,0.690955659070455,0.593173810007196,1.30827215494704,0.419047680064838,0.51523975447517,0.344992624910331
"335","OhioSection8",3,0.890067245744315,0.986322605534646,0.8109349123851,1.02900213349116,0.865297716420471,1.80511374942557,0.672574437021845,0.819684447012289,0.55244399815882
"336","OhioSection8",4,0.795802876802053,0.881838940496368,0.725068444221464,0.919729337607071,0.773343048731056,1.61296267407636,0.63918559851009,0.777450494180466,0.530858617567525
"337","OhioSection8",5,0.70468126649403,0.783213180455713,0.640465430918882,0.946176058393815,0.81761969520299,1.83522127507256,0.586425285668097,0.717141830849969,0.481112366200005
"338","OhioSection8",6,0.767919940436488,0.853274246747711,0.698092967085083,1.02084006504451,0.880696086498009,1.96887200648614,0.616658287466861,0.749998327517296,0.501222015983386
"339","OhioSection8",7,0.635734566878281,0.704828206239493,0.578982024105364,0.747920886738595,0.631131372792136,1.32900676579914,0.494423950421096,0.622797296718945,0.406750030946677
"340","OhioSection8",8,0.358652378580588,0.398245244242324,0.326221795827847,0.452216538301377,0.386550372786581,0.842571332680328,0.291736363491934,0.355909227699017,0.238675006019642
"341","OhioSection8",9,0.599690580442747,0.667545931897522,0.54435822126905,0.931174333662833,0.823496069570789,1.96612947247046,0.590860968914064,0.712541557935678,0.483375926832081
"342","OhioSection8",10,0.68646109700347,0.763768688546041,0.623366748791515,1.026893438596,0.903365913622397,2.12881291404921,0.603102157068327,0.741086610008629,0.493984610590906
"343","OhioSection8",11,0.976100055455367,1.08738881764672,0.885480248318269,2.02995158731327,1.87937613780117,5.0907115187219,1.10274509118275,1.3533743135943,0.905613220157463
"344","OhioSection8",12,0.713443719521847,0.793572552376635,0.648014237247411,1.01893721922612,0.889398136081079,2.05053796497609,0.620313611392331,0.754667582618166,0.509471033856784
"345","OhioSection8",13,0.681855617531963,0.758586666374432,0.619222779520258,0.988360058154269,0.864686799452,2.00542804703528,0.635089793647939,0.776763048348035,0.519188479399354
"346","OhioSection8",14,0.786322360161045,0.87575445366448,0.713466609185433,1.49400283908527,1.36473576519102,3.56563855348489,0.818942555026904,0.98917790990327,0.676567660210763
"347","OhioSection8",15,0.840905842854406,0.934608599300813,0.764292236720487,1.26682594976686,1.11676526020793,2.6561734875388,0.646749989373943,0.807523122255485,0.528828955629071
"348","OhioSection8",16,0.699411571744638,0.778682015271139,0.634797452056371,1.80132934399093,1.73747765595694,5.31782004094374,0.798269593893928,0.996110238600955,0.652060412726762
"349","OhioSection8",17,0.863897884383269,0.961667461283562,0.784187870853016,2.01610067864447,1.90391543066603,5.46027246758331,0.867245888106117,1.07498634319684,0.701794598897114
"350","OhioSection8",18,0.673548880961267,0.749367678562954,0.611681827421404,1.40878455099412,1.3072177450183,3.57387935797807,0.621080948793672,0.775304731093482,0.50555970170569
"351","OhioSection8",19,0.745040236433004,0.828606187886961,0.676809696233262,1.4600336865378,1.34198476992676,3.57981747892984,0.645811202543335,0.800541347060565,0.526724303968519
"352","OhioSection8",20,0.835023142632359,0.925713756032018,0.760563412133024,1.12426147109905,0.971128295209348,2.1922516161745,0.556965580363642,0.684944233174551,0.457235848427096
"353","Padma",1,0.687138008582543,0.765956580286962,0.623027392771495,1.6746335491279,1.59243697430919,4.65884790038359,2.50837172630424,3.22888286807595,1.99205625028662
"354","Padma",2,0.564423052127732,0.629319956587101,0.511659777960434,1.65814623554802,1.6122069486628,4.97217246955505,2.07651567718759,2.85658005041977,1.54092153172116
"355","Padma",3,0.964400197818677,1.07458454741407,0.8747130571873,2.14834931058748,2.0082448436267,5.5775755360147,2.97636195779275,4.17148293020786,2.20283721276122
"356","Padma",4,0.866930414031651,0.966294929932913,0.786096136742669,1.8733507397455,1.74246224257721,4.7731953218434,2.88795553339898,4.18197406165689,2.08193908622022
"357","Padma",5,0.737408667177681,0.822208348326196,0.668465612404973,2.05216714430557,1.98043050567899,5.98996991977454,2.86975982428059,4.07721998679364,2.09449935975329
"358","Padma",6,0.809297943625503,0.902564707798693,0.733501411629301,5.10230432543174,5.70538734455381,26.3562925417473,3.64697681779952,5.09002804409986,2.7146097329386
"359","Padma",7,0.683591900314813,0.761682813360747,0.620026327744742,1.51951323750952,1.42061060628024,3.94945737687652,2.04741656844347,2.8533694238018,1.51147662011991
"360","Padma",8,0.37705983914915,0.420147220389093,0.341988605412621,0.791441752247083,0.733458790985194,1.99081166903169,1.17758045746964,1.64846355236814,0.849195979284121
"361","Padma",9,0.616567573152717,0.687697691263358,0.55877247964906,2.75827328506411,2.8317273064013,10.0587114462981,4.36693469283407,6.11893390959545,3.25094430545149
"362","Padma",10,0.702239061989332,0.782593229422143,0.6368510896849,1.73047770331059,1.64285110795201,4.76014939163881,2.17153214573448,2.96053596667281,1.63054705436557
"363","Padma",11,0.97316181654514,1.08387616958211,0.882973322565553,1.86279054968531,1.70303366246262,4.45783653051383,2.6077188340771,3.60558127387681,1.92317840670695
"364","Padma",12,0.724579745083878,0.806841321356436,0.657541707828662,1.25194770004678,1.12719638063565,2.83169197759893,1.83069167875896,2.5594684956585,1.3540977072091
"365","Padma",13,0.701495130799501,0.782011144176424,0.636011550442089,1.86908545806485,1.79933711382137,5.43009111355885,2.51786322107958,3.49453721946131,1.86444289905839
"366","Padma",14,0.777738697046056,0.865525245313689,0.706123756864857,1.26095058878828,1.12439781782117,2.75359575654302,1.74978862995126,2.40362635099599,1.29285127871495
"367","Padma",15,0.852777599073109,0.948664541298925,0.774502198384161,1.34383302987677,1.1927739521981,2.88524529350298,1.88428841740562,2.60733543407541,1.38264248058698
"368","Padma",16,0.693389417335204,0.771440583918583,0.629684010238544,1.07503384187905,0.952000528831228,2.28849915909788,1.53473385737343,2.13074535690277,1.10175105963985
"369","Padma",17,0.862361286949156,0.959673468034002,0.782969955627663,1.41641250309696,1.26799098391174,3.147643656788,1.98699890655817,2.72585023176103,1.44907496733104
"370","Padma",18,0.667004714892657,0.741364416923294,0.606206352867142,0.950065530662307,0.830059404006256,1.92543987607167,1.3143161029637,1.80540771291417,0.947262241608473
"371","Padma",19,0.729661091954105,0.810073209574542,0.663777951854294,0.9514728189105,0.818488211911928,1.81941394118411,1.32014348779817,1.81720667217496,0.973973239176469
"372","Padma",20,0.861515899646553,0.956431974144312,0.783746730743268,1.12753832362703,0.97050720768423,2.16103276890777,1.56015486725114,2.1594757315321,1.15109119922258
"373","Padma",21,1.21069715691444,1.34321497455449,1.10200715750768,1.58666037946477,1.36531911597428,3.04179336144263,2.30965319811817,3.25045674112526,1.71205400496274
"374","Padma",22,0.966197961828323,1.0725566021795,0.879046792564904,1.31263338345591,1.13754208153568,2.58556787600626,1.97430254504398,2.76042786693568,1.47453824278482
"375","Padma",23,1.21964627039893,1.3529347141296,1.11029978471958,1.61729554637354,1.39462706196512,3.12821030753034,2.37666079535922,3.29220000534155,1.78301638075703
"376","Padma",24,1.03628145641448,1.14906289691416,0.943702312899488,1.35835916985265,1.16793993060796,2.5985338719328,1.96779298397582,2.74022827416342,1.44977194205238
"377","Padma",25,0.759697338324111,0.843467949321255,0.691072553804364,1.01202766375257,0.873836623561163,1.96360549808708,1.39960153279832,1.91165113156562,1.02753282954877
"378","Padma",26,1.31405985497632,1.4590822296161,1.19528153152155,1.78762826639272,1.5488971766039,3.51461790548072,2.46512868796937,3.42227163502046,1.82325558706508
"379","Padma",27,1.60129506533403,1.77596506667236,1.45795872417233,2.07725264702547,1.78311956559342,3.94589042749191,2.97308040542702,4.14047590159172,2.17091096818993
"380","Padma",28,1.33992452235821,1.48906678504477,1.21795043992598,1.89686491249944,1.65511398699724,3.82519686128401,2.69225271166869,3.75037466658892,2.00148367637114
"381","Padma",29,1.14327007729658,1.27306889959141,1.03749152437032,1.99111892129717,1.79754465614379,4.55886465481571,2.82582752617413,3.97644872881424,2.06704831275215
"382","Padma",30,NA,NA,NA,NA,NA,NA,NA,NA,NA
"383","Padma",31,NA,NA,NA,NA,NA,NA,NA,NA,NA
"384","Padma",32,NA,NA,NA,NA,NA,NA,NA,NA,NA
"385","Padma",33,NA,NA,NA,NA,NA,NA,NA,NA,NA
"386","Padma",34,NA,NA,NA,NA,NA,NA,NA,NA,NA
"387","SacramentoDownstream",1,0.6703950541185,0.746000301459973,0.608706869112654,1.05191179360313,0.932913034145691,2.24980324856007,0.931000087405339,1.22471759641857,0.715781656604189
"388","SacramentoDownstream",2,0.545006942520074,0.606185530417512,0.495048072138362,0.82292224782033,0.725555098534467,1.72334864520477,0.682241573948796,0.93291701491885,0.516802822590942
"389","SacramentoDownstream",3,0.927599125974626,1.0307470683478,0.843220873149921,1.23142193855888,1.06221137389185,2.37358806131214,1.10606752479211,1.48087875184843,0.851548710578605
"390","SacramentoDownstream",4,0.802061139793025,0.88921874114396,0.730469040936781,0.955360782441315,0.808174291911624,1.71485891341363,0.886387091634669,1.17937349620926,0.682888596052175
"391","SacramentoDownstream",5,0.707477626952472,0.786531986274236,0.64286564349833,0.97551862117751,0.846874459876835,1.92542015391252,0.850287465656015,1.1358894218832,0.661438611679084
"392","SacramentoDownstream",6,0.77058249553325,0.856435319198742,0.700377737395411,1.05697937186687,0.916988667143093,2.08287783696219,0.908656295206828,1.2189355453033,0.696738652955974
"393","SacramentoDownstream",7,0.664932650899926,0.739443198886429,0.604066295819184,0.955082893483286,0.834892106654052,1.93521329173438,0.819839477728957,1.10872725962295,0.628955810622334
"394","SacramentoDownstream",8,0.365470281733638,0.406347108196207,0.332067771233746,0.52504824779976,0.459107071529917,1.0658279045948,0.441975489020208,0.60142902700479,0.336102683469275
"395","SacramentoDownstream",9,0.593493787883556,0.660183350946603,0.539044194353756,0.891690961170397,0.785355346554689,1.85884695508517,0.750322524604143,1.01024315455553,0.571844894955003
"396","SacramentoDownstream",10,0.674587849747164,0.749655617247668,0.613188480806624,0.907468131526008,0.784618040761688,1.76519120436188,0.789940763014189,1.06226243145181,0.604721106207437
"397","SacramentoDownstream",11,0.951662347680307,1.05825056413013,0.864584426301886,1.35842078028665,1.18623896386989,2.74174356055226,1.16931135127782,1.56131947191593,0.895394071419987
"398","SacramentoDownstream",12,0.709286420989712,0.788650960850713,0.644438658523942,1.02400766271811,0.896105368159725,2.0847238623336,0.859990779746754,1.16643765502015,0.653673500004835
"399","SacramentoDownstream",13,0.672356821056006,0.747300091522187,0.611077603174316,0.915716879505534,0.793402126813388,1.79499668334508,0.796979459333473,1.07751278671109,0.60881055620143
"400","SacramentoDownstream",14,0.766700164435922,0.852386449950963,0.69667158039893,1.09057816262789,0.952000423021425,2.19972055538026,0.920254113104713,1.23450818390455,0.70419046958115
"401","SacramentoUpstream",1,0.544736149582836,0.598253827521797,0.50001075706176,0.547034632299306,0.442041470653873,0.828955887122449,0.544253779049582,0.725890632624661,0.426284448428478
"402","SacramentoUpstream",2,0.462654083739629,0.5091937106276,0.423912552698177,0.471650176401396,0.383875465963907,0.733851040101721,0.385898927996344,0.540036477287847,0.289557734845794
"403","SacramentoUpstream",3,0.801302383259304,0.882127384689811,0.734051124612917,0.818843305557694,0.66706897314766,1.27838329351495,0.66347048463342,0.926991510125813,0.493185671919538
"404","SacramentoUpstream",4,0.712976964460623,0.784646663847579,0.653309221472755,0.726519986875507,0.591187491357023,1.12953102539474,0.598261218991464,0.844874145441808,0.446949043174538
"405","SacramentoUpstream",5,0.585016001207171,0.64268371703047,0.536851097968277,0.589491920511067,0.47690844368197,0.897247676560054,0.508590474304145,0.714641623133964,0.379391600061295
"406","SacramentoUpstream",6,0.581488059376618,0.63572541409364,0.535800254574211,0.585241117699793,0.467486299746876,0.850934351817918,0.619009268666601,0.847271099284031,0.472028214287615
"407","SacramentoUpstream",7,0.529587803896392,0.580729657648887,0.486731910843685,0.530097561367822,0.426513744790446,0.790857746282376,0.487283213821119,0.678661279881024,0.368467038715381
"408","SacramentoUpstream",8,0.296704831101382,0.325637088065954,0.272497517668996,0.297605601294898,0.240040986417658,0.447985198989799,0.267456128752956,0.370588183919155,0.200478144359267
"409","SacramentoUpstream",9,0.489205643513535,0.537558464758333,0.448837638223711,0.493194545207087,0.399265801656132,0.752451315766623,0.422416361786362,0.591027818350676,0.320926185134433
"410","SacramentoUpstream",10,0.56202742639221,0.617460958850022,0.515731800459079,0.565900991481378,0.457835389722904,0.861365089854083,0.487668468228755,0.681591400178918,0.365990839891151
"411","SacramentoUpstream",11,0.793206103651691,0.871925168360342,0.727529961863065,0.801267475820248,0.649420195566943,1.22766640327599,0.679852082881784,0.948812907038731,0.512649104898706
"412","SacramentoUpstream",12,0.584848224659423,0.64244512649323,0.536734446097692,0.588736571532072,0.476134948180942,0.894945242635468,0.508656446230127,0.709758945491002,0.382064531809094
"413","SacramentoUpstream",13,0.557455560408585,0.612356531768555,0.511593733889559,0.561000569809631,0.453690357691844,0.852674119605266,0.486992616426626,0.695823224610003,0.371575955753933
"414","SacramentoUpstream",14,0.635242410667705,0.697916446793548,0.582902466667589,0.639711377107654,0.517595177464532,0.97401803004943,0.553543001488078,0.765050747870826,0.418937898815179
"415","SacramentoUpstream",15,0.701139878774944,0.770338195456423,0.643354706284218,0.70627988841532,0.571520098331318,1.07582442094242,0.6094921285282,0.853814487241742,0.462549722336478
"416","SacramentoUpstream",16,0.561028933528104,0.615929941497728,0.515119626050633,0.56320171322621,0.454674295432912,0.850566450137548,0.497974611768944,0.695007735765962,0.380534696429263
"417","SacramentoUpstream",17,0.697076377377012,0.765407645256438,0.639952092724532,0.700142069962616,0.565481969350564,1.05911724617073,0.614280704028865,0.86138168217967,0.460253842210789
"418","SacramentoUpstream",18,0.543776789975479,0.596771156093869,0.499432385024482,0.545072189209712,0.439546141425102,0.81982032641562,0.487948719183354,0.678848026069984,0.367155534098369
"419","SacramentoUpstream",19,0.604221935630534,0.663053867118458,0.554985542561135,0.605447247815887,0.488111431158951,0.909797846034929,0.541729098338587,0.759825492950494,0.407637620196772
"420","SacramentoUpstream",20,0.712186619173925,0.781434160967357,0.654220827150329,0.71354404105108,0.575070236722282,1.07097129465499,0.640423152213158,0.89913410451801,0.483420196239864
"421","SacramentoUpstream",21,1.01692480075435,1.11602761552001,0.933997160760557,1.01913471865072,0.821803664844174,1.53263621826422,0.911083069399524,1.26256364631864,0.683885053006078
"422","SacramentoUpstream",22,0.814337289404782,0.894338422998474,0.747481147851387,0.818728447343336,0.661667136865452,1.24130218295602,0.717053695035093,0.988614215296921,0.538398366929618
"423","SacramentoUpstream",23,1.0390267396857,1.14096271563418,0.953820681846727,1.04392638107184,0.843338897448198,1.58049167058795,0.912806624618137,1.28552298169222,0.689559990011541
"424","SacramentoUpstream",24,0.899948954863459,0.988822747206481,0.825740907973777,0.90684258655957,0.733946183834225,1.38223437174919,0.782640964798428,1.10657599950853,0.58777545501814
"425","SacramentoUpstream",25,0.648348927481047,0.712673666176305,0.59467952388314,0.654807185247907,0.530668447466425,1.00293888266123,0.555769017556312,0.790603482000601,0.411585581431517
"426","SacramentoUpstream",26,1.13193799144819,1.24493819814312,1.03775267351296,1.14768130084035,0.931857536458487,1.77005483004624,0.959790508067663,1.36156518749112,0.726746222914431
"427","SacramentoUpstream",27,1.39495548569657,1.53343174718749,1.27942974661408,1.4100336849283,1.14299166098453,2.16165283752862,1.19297823505675,1.71235607695067,0.889903389708217
"428","SacramentoUpstream",28,1.13766376984351,1.25118020299333,1.04304030407059,1.15297922255755,0.936002979672036,1.77712358307187,0.963899538566214,1.3552580045763,0.724070545422146
"429","SeineDownstream",1,0.639486575239132,0.710002496885072,0.581762660506543,1.922974312627,1.89613422313851,6.15213084161061,1.4812646941535,1.82643958198813,1.18578152639452
"430","SeineDownstream",2,0.527500810856352,0.585863428144473,0.479747935522024,1.70934495497951,1.70641811487731,5.72246461832235,1.16758792087798,1.54534638466539,0.90662029633562
"431","SeineDownstream",3,0.911650518844679,1.01261041025939,0.829055355067882,3.0097245947441,3.01366278856103,10.1875834043954,2.04736656891498,2.60783458194258,1.60649150824332
"432","SeineDownstream",4,0.812876020155384,0.902765547777874,0.739322151912657,2.59902304713757,2.58877589086645,8.62921567217772,1.78003161527703,2.37359433590092,1.3694564251382
"433","SeineDownstream",5,0.688939121440234,0.765163755098276,0.626571665483752,2.2054058439063,2.19698787203928,7.32438826736302,1.51638621178816,1.96341815481326,1.1616850201511
"434","SeineDownstream",6,0.75812347085058,0.842222439422124,0.68933893812582,2.60013565359253,2.61979597761595,9.00451532483099,1.75824135417104,2.29561315815263,1.36208706056393
"435","SeineDownstream",7,0.634226656140233,0.703896454672239,0.577166388707711,1.75807777962303,1.7098922701916,5.34645532380906,1.24563755328247,1.61605049814973,0.96554818076657
"436","SeineDownstream",8,0.357058791067513,0.396639368086479,0.324682402897295,1.20778926565657,1.21427684978707,4.14990074895694,0.819319662145899,1.06808273190762,0.638765110126598
"437","SeineDownstream",9,0.571080405677197,0.63414536013015,0.519466236163801,1.77574120471225,1.76071169371847,5.79847653615914,1.22117619622787,1.57874560814415,0.932123154983016
"438","SeineDownstream",10,0.647151028895866,0.718104880473136,0.589023640163915,1.74768188474696,1.69298009755113,5.24021665681274,1.24533002926438,1.5988750439493,0.961565407128385
"439","SeineDownstream",11,0.91168067541097,1.0119716059536,0.829556437516783,2.60257351542663,2.54408123073073,8.06460273403665,1.83403367695675,2.35934905722286,1.40228020155949
"440","SeineDownstream",12,0.666860022821954,0.739632455483655,0.607207451938931,1.62677348806831,1.54868992323894,4.57394003300616,1.18741114838418,1.54307402524029,0.921857455003331
"441","SeineDownstream",13,0.633272680226169,0.702285862438373,0.576691700465416,1.51025821615055,1.43240662294663,4.18921233146219,1.10896830152739,1.43088769235955,0.856341487401684
"442","SeineDownstream",14,0.730582050634199,0.810668042572105,0.664972206521651,1.93592622607894,1.86889388347964,5.72883649336898,1.38560818576906,1.80208900087236,1.08036492950725
"443","SeineDownstream",15,0.74297338983922,0.822182385308329,0.677856041238209,1.21985515810531,1.08222740932904,2.6418072398429,1.0009301719985,1.30334826959081,0.784615096832157
"444","SeineDownstream",16,0.635673038755336,0.70463723974877,0.579101531251185,1.379762442943,1.28740420451241,3.60227613043567,1.0378902912904,1.34615521371672,0.803083950088631
"445","SeineDownstream",17,0.769483782473517,0.852321534520009,0.701468134479804,1.4643150468452,1.33496105764384,3.50931378001912,1.14372691137389,1.48572550119755,0.880782255816968
"446","SeineDownstream",18,0.598698701815617,0.66290635164973,0.545955125620905,1.06149092278765,0.955234961218136,2.42327858239709,0.845523212150636,1.09234665885679,0.667786482118267
"447","SeineDownstream",19,0.659554677352011,0.730025753625329,0.601636320323642,1.12880127566401,1.00955030439927,2.52051728052189,0.913374253420864,1.19891634892133,0.70158787809434
"448","SeineDownstream",20,0.782836701904691,0.866643205189443,0.713978092186403,1.35539587628676,1.21438295526116,3.04442034031919,1.0900970736167,1.41950109173927,0.824234690490404
"449","SeineDownstream",21,1.11615209807289,1.23570166530723,1.01792979087987,1.96430321996369,1.76570201133334,4.46815274270086,1.5626149347446,2.03543769514869,1.21066314646962
"450","SeineDownstream",22,0.910378385909223,1.00891736470387,0.82952472241828,1.87790061264084,1.73630498369989,4.73862964386108,1.43384095012101,1.86767623873841,1.0977633958036
"451","SeineDownstream",23,1.14045058160374,1.26308569598122,1.03974634726642,2.09705643302586,1.89943816205341,4.90285914374784,1.65224786371571,2.13514927262817,1.28059012372655
"452","SeineDownstream",24,0.985369491791459,1.09157744914878,0.898178146241235,1.90841384452913,1.7453025652415,4.6267448456275,1.48618226475442,1.93121248838225,1.15383202403399
"453","SeineDownstream",25,0.724137862286395,0.802913524659145,0.659539325233126,1.65763784114597,1.56097588051976,4.47723818601108,1.23220158844551,1.61270739894067,0.957985997599625
"454","SeineDownstream",26,1.2685691417883,1.40723471134401,1.15492674140117,3.19070792389664,3.05341194130571,9.14449287436631,2.31490451468948,2.98156891558984,1.7889830193693
"455","SeineDownstream",27,1.57489536566248,1.74693446166754,1.4338903298609,3.91182171802152,3.73561500565005,11.1248726903672,2.84832143389429,3.70226172774048,2.20423785864336
"456","SeineDownstream",28,1.30035278483299,1.44357791693199,1.1830908327443,3.81616584330391,3.74783088280473,12.0305931154386,2.66217275297299,3.41644146191934,2.06106859741194
"457","SeineDownstream",29,1.07512227581316,1.19345159547506,0.978233103231906,3.12823731413951,3.06812253610032,9.81547975690414,2.19885718476536,2.81543276284746,1.7018115948912
"458","SeineDownstream",30,NA,NA,NA,NA,NA,NA,NA,NA,NA
"459","SeineDownstream",31,NA,NA,NA,NA,NA,NA,NA,NA,NA
"460","SeineDownstream",32,NA,NA,NA,NA,NA,NA,NA,NA,NA
"461","SeineDownstream",33,NA,NA,NA,NA,NA,NA,NA,NA,NA
"462","SeineDownstream",34,NA,NA,NA,NA,NA,NA,NA,NA,NA
"463","SeineUpstream",1,0.65788442868676,0.731428378795585,0.59780363388148,1.96167662814991,1.93296529379727,6.25027200332932,1.49629581127629,1.86611281470737,1.20190112720708
"464","SeineUpstream",2,0.540920649678016,0.60152867724628,0.491425657495915,1.75118421739556,1.74873798161058,5.86217644096736,1.20474134152838,1.56987380021768,0.930497574526309
"465","SeineUpstream",3,0.934112710570492,1.03884518344484,0.848592737023035,3.09248643703061,3.0993493236266,10.4915082520268,2.10202748169485,2.73393008499605,1.63713868744851
"466","SeineUpstream",4,0.834698361572492,0.92822463173346,0.758320618699569,2.6683474469407,2.65945631903114,8.86893539675224,1.83156951150238,2.41598189201716,1.39880654333442
"467","SeineUpstream",5,0.706251274349218,0.78536868792319,0.641638862669814,2.22978494060884,2.21804840575381,7.3594488871325,1.53016443944666,1.98444363932503,1.1855141657054
"468","SeineUpstream",6,0.776535515654683,0.863756986201237,0.705334858909078,2.72014697519117,2.75092902608288,9.54099500025704,1.83391971762288,2.39370585150208,1.4239876596171
"469","SeineUpstream",7,0.657859407167514,0.731333543907433,0.597825073893335,1.80620690777144,1.75811063330716,5.50647748992971,1.28848562602062,1.68397132210722,0.994228513683079
"470","SeineUpstream",8,0.366379586748614,0.407542590200387,0.332779053294958,1.31625705612016,1.33641611715152,4.68444451106921,0.876919703501053,1.14357275300877,0.680116450371073
"471","SeineUpstream",9,0.588855450147368,0.654875807659994,0.534945480025293,1.90896813688576,1.90692650062505,6.39822136922006,1.30972982323443,1.71944293103687,1.02842912639914
"472","SeineUpstream",10,0.67499665993568,0.750462267192856,0.613347326565689,2.00759958333032,1.97714076552419,6.38260338378501,1.41563955240512,1.86210298403089,1.08320035685509
"473","SeineUpstream",11,0.943035738388941,1.04844732655032,0.856920046411344,2.7906403483168,2.74621572331669,8.84780528748403,1.96683312038968,2.53746840991546,1.5140533456299
"474","SeineUpstream",12,0.698841455268076,0.776674920038222,0.6352209852368,1.85457311383443,1.79243739371141,5.49902104877748,1.35559888441729,1.78198826067362,1.06201607503761
"475","SeineUpstream",13,0.673796028717299,0.749272088959183,0.612155781428957,2.05867988553273,2.03767785417348,6.67244171962992,1.4356958020288,1.90233492402448,1.09929677526375
"476","SeineUpstream",14,0.760224622022549,0.845081550321221,0.690885726495734,2.14375961638926,2.09299475467515,6.59992665152691,1.52160859576625,1.99107273950601,1.18960353653706
"477","SeineUpstream",15,0.790975085245129,0.876556130429154,0.720692796721908,1.1016967728598,0.954864219194466,2.17420500657055,0.96776736561283,1.25412950799627,0.751001023904399
"478","SeineUpstream",16,0.663122774073503,0.736214151065948,0.603283865218081,1.33258803396474,1.23005686037259,3.33133757103822,1.04548862223848,1.35114270222307,0.812786913933204
"479","SeineUpstream",17,0.813363569723909,0.902572602886107,0.740273674391163,1.44808242009662,1.30949973007551,3.35252621424198,1.1786471422428,1.54748490973903,0.90589757293303
"480","SeineUpstream",18,0.632912647269347,0.70189035406563,0.576340321482474,0.996301178897154,0.882003102206504,2.12963586882037,0.838187543526601,1.09561196075493,0.647415799543852
"481","SeineUpstream",19,0.701269155276426,0.777530825385163,0.638700848100718,1.05768916939758,0.929292925264092,2.19704687160578,0.907499771577229,1.17788322596654,0.701646707000825
"482","SeineUpstream",20,0.82912150968542,0.919359036976743,0.755099363226346,1.2935928021335,1.14339784704107,2.7500478425663,1.09085689314669,1.42888529894937,0.846265389638475
"483","SeineUpstream",21,1.18139626267559,1.31007257781547,1.07585436992876,1.84928706709322,1.63541267941578,3.93776043807957,1.56445281758924,2.04230249510325,1.21930965003866
"484","SeineUpstream",22,0.954340301180557,1.05941393108411,0.868303260478068,1.8564506479038,1.70420971280252,4.54624749816336,1.46371746605773,1.93471442463309,1.13948858644912
"485","SeineUpstream",23,1.19680681890802,1.32731583643749,1.08978260206207,1.93823628929237,1.72452643782126,4.22426960569505,1.60954764656091,2.07555777513779,1.26208598101262
"486","SeineUpstream",24,1.04307397496725,1.15777773432607,0.949134548614068,1.96579566052427,1.79495083935913,4.71872363598022,1.57360047892404,2.06211639671358,1.22726990207568
"487","SeineUpstream",25,0.756945157211702,0.840789570243085,0.688354758195197,1.73372196625004,1.63556948873396,4.70006143029143,1.31023694593462,1.694044207187,1.01853759621031
"488","SeineUpstream",26,1.32255338300627,1.46980273684655,1.20218679380796,3.50870657701501,3.39123400845927,10.4062995434842,2.55064215205511,3.30061227296442,1.96925212501716
"489","SeineUpstream",27,1.63586090900082,1.81752458351408,1.4873058980278,4.07333313349592,3.8965803445206,11.6311327892581,3.00999314981926,3.93793585924343,2.34571565818155
"490","SeineUpstream",28,1.35037626430368,1.50189864119811,1.22666664941378,4.57621101618806,4.60352626403171,15.7419805823108,3.09595721780508,4.08253336342733,2.40175854779341
"491","SeineUpstream",29,1.11664672476764,1.24184088195259,1.01441955622678,3.73093701511412,3.74375119616042,12.7116987273354,2.55297224004784,3.29285076278582,1.96378385108664
"492","SeineUpstream",30,NA,NA,NA,NA,NA,NA,NA,NA,NA
"493","SeineUpstream",31,NA,NA,NA,NA,NA,NA,NA,NA,NA
"494","SeineUpstream",32,NA,NA,NA,NA,NA,NA,NA,NA,NA
"495","SeineUpstream",33,NA,NA,NA,NA,NA,NA,NA,NA,NA
"496","SeineUpstream",34,NA,NA,NA,NA,NA,NA,NA,NA,NA
"497","Severn",1,0.589170618611618,0.651329377090224,0.537916013040128,2.08478431086075,0.637241453651788,1.38202517486087,0.706593685459405,1.14974275606516,0.473361469803208
"498","Severn",2,0.456741309873869,0.503459242975396,0.418026624130141,1.29721480690476,0.456468103930739,0.949337525617391,0.47407077033897,0.787338528597607,0.309724185366723
"499","Severn",3,0.734610980323266,0.805851934724424,0.675019323006314,1.22234429545519,0.622160733158613,1.1766889681991,0.830681188221206,1.34263340465007,0.544915457738782
"500","Severn",4,0.688546817018068,0.757267699044455,0.631333252239824,1.36053959038108,0.610597335105832,1.19436105774647,0.821191527717249,1.33657791720311,0.545353699010477
"501","Severn",5,0.599138742373759,0.660093753189103,0.548556559133072,1.42062556493377,0.562432065968075,1.13677841175131,0.710714020903155,1.13996741277866,0.473222736818614
"502","Severn",6,0.652567471958145,0.718629009752397,0.597695959814156,1.43157779855993,0.596911290836518,1.19079392506343,0.801076236065954,1.30291240206166,0.541877094363083
"503","Severn",7,0.579812211861742,0.640294797452653,0.529842156001921,1.79360026281411,0.596846852030053,1.26424572195388,0.678976830259788,1.11043933690237,0.452948252056855
"504","Severn",8,0.31879313826917,0.35201274670189,0.291343496147859,0.979581291051696,0.327471203361476,0.692695914488178,0.365304229971818,0.605714655420416,0.238308190259975
